TIME_PERIOD,EXR.A.GBP.EUR.SP00.A,EXR.A.NZD.EUR.SP00.A,EXR.A.USD.EUR.SP00.A
19990101,0.658735328185329,2.01453706563706,1.06577644787645
20000101,0.609477647058823,2.02878274509804,0.923612549019608
20010101,0.621874015748032,2.13004409448819,0.895629527559055
20020101,0.628831372549019,2.03655490196078,0.945573725490196
20030101,0.691993333333333,1.94384470588235,1.13116039215686
20040101,0.678658687258687,1.87309227799228,1.24390231660232
20050101,0.683796303501945,1.76595486381323,1.24409027237354
